{"cameraMode":{"drawMode":0,"name":"Shaded","section":"Shading Mode"},"sceneLighting":true,"audioPlay":false,"sceneViewState":{"showFog":false,"showMaterialUpdate":false,"showSkybox":false,"showFlares":false,"showImageEffects":false,"showParticleSystems":true},"in2DMode":false,"pivot":{"x":-1.0086452960968018,"y":-1.878467082977295,"z":1.544227123260498},"rotation":{"x":-0.015870390459895135,"y":0.9548967480659485,"z":-0.05191102996468544,"w":-0.2919342517852783},"size":1.4188634157180787,"orthographic":false}