{"cameraMode":{"drawMode":0,"name":"Shaded","section":"Shading Mode"},"sceneLighting":true,"audioPlay":false,"sceneViewState":{"showFog":true,"showMaterialUpdate":false,"showSkybox":true,"showFlares":true,"showImageEffects":true,"showParticleSystems":true},"in2DMode":false,"pivot":{"x":0.609427809715271,"y":0.6385588645935059,"z":-1.5158705711364747},"rotation":{"x":-0.21782122552394868,"y":-0.01317556481808424,"z":0.0029407634865492584,"w":-0.975895345211029},"size":5.52593994140625,"orthographic":false}