{"cameraMode":{"drawMode":0,"name":"Shaded","section":"Shading Mode"},"sceneLighting":true,"audioPlay":false,"sceneViewState":{"showFog":true,"showMaterialUpdate":false,"showSkybox":true,"showFlares":true,"showImageEffects":true,"showParticleSystems":true},"in2DMode":false,"pivot":{"x":1.8041191101074219,"y":-1.3165605068206788,"z":11.71828556060791},"rotation":{"x":-0.09914086759090424,"y":0.01104157604277134,"z":-0.001100232359021902,"w":-0.9950116276741028},"size":15.60075855255127,"orthographic":false}