{"cameraMode":{"drawMode":0,"name":"Shaded","section":"Shading Mode"},"sceneLighting":true,"audioPlay":false,"sceneViewState":{"showFog":true,"showMaterialUpdate":false,"showSkybox":true,"showFlares":true,"showImageEffects":true,"showParticleSystems":true},"in2DMode":false,"pivot":{"x":1.0178145170211793,"y":0.01045680046081543,"z":1.1557655334472657},"rotation":{"x":-0.20973920822143556,"y":-0.06682208180427551,"z":0.014369327574968338,"w":-0.9753655195236206},"size":9.428348541259766,"orthographic":false}