{"cameraMode":{"drawMode":0,"name":"Shaded","section":"Shading Mode"},"sceneLighting":true,"audioPlay":false,"sceneViewState":{"showFog":true,"showMaterialUpdate":false,"showSkybox":true,"showFlares":true,"showImageEffects":true,"showParticleSystems":true},"in2DMode":false,"pivot":{"x":-1.1703221797943116,"y":-1.6343294382095338,"z":11.588264465332032},"rotation":{"x":-0.09914086759090424,"y":0.01104157604277134,"z":-0.001100232359021902,"w":-0.9950116276741028},"size":15.60075855255127,"orthographic":false}