{"cameraMode":{"drawMode":0,"name":"Shaded","section":"Shading Mode"},"sceneLighting":true,"audioPlay":false,"sceneViewState":{"showFog":true,"showMaterialUpdate":false,"showSkybox":true,"showFlares":true,"showImageEffects":true,"showParticleSystems":true},"in2DMode":false,"pivot":{"x":6.475034713745117,"y":-1.6176071166992188,"z":0.20602798461914063},"rotation":{"x":-0.24213191866874696,"y":-0.21272708475589753,"z":0.05450238287448883,"w":-0.9450655579566956},"size":20.368988037109376,"orthographic":false}