{"cameraMode":{"drawMode":0,"name":"Shaded","section":"Shading Mode"},"sceneLighting":true,"audioPlay":false,"sceneViewState":{"showFog":true,"showMaterialUpdate":false,"showSkybox":true,"showFlares":true,"showImageEffects":true,"showParticleSystems":true},"in2DMode":false,"pivot":{"x":0.5380384922027588,"y":0.3776918649673462,"z":2.202549934387207},"rotation":{"x":-0.11105898022651673,"y":0.019971542060375215,"z":-0.0022321168798953296,"w":-0.9936106204986572},"size":8.875521659851075,"orthographic":false}