{"cameraMode":{"drawMode":0,"name":"Shaded","section":"Shading Mode"},"sceneLighting":true,"audioPlay":false,"sceneViewState":{"showFog":false,"showMaterialUpdate":false,"showSkybox":false,"showFlares":false,"showImageEffects":false,"showParticleSystems":true},"in2DMode":false,"pivot":{"x":-1.3441925048828126,"y":4.486384391784668,"z":-6.64506196975708},"rotation":{"x":0.0008788027917034924,"y":-0.9891971349716187,"z":-0.005936231464147568,"w":-0.14646880328655244},"size":15.860401153564454,"orthographic":false}