{"cameraMode":{"drawMode":0,"name":"Shaded","section":"Shading Mode"},"sceneLighting":true,"audioPlay":false,"sceneViewState":{"showFog":false,"showMaterialUpdate":false,"showSkybox":false,"showFlares":false,"showImageEffects":false,"showParticleSystems":true},"in2DMode":false,"pivot":{"x":-1.923879861831665,"y":-2.295379161834717,"z":-5.838812828063965},"rotation":{"x":-0.06547373533248902,"y":-0.8958580493927002,"z":0.41629207134246828,"w":-0.1408987194299698},"size":11.68753719329834,"orthographic":false}