{"cameraMode":{"drawMode":0,"name":"Shaded","section":"Shading Mode"},"sceneLighting":true,"audioPlay":false,"sceneViewState":{"showFog":false,"showMaterialUpdate":false,"showSkybox":false,"showFlares":false,"showImageEffects":false,"showParticleSystems":true},"in2DMode":false,"pivot":{"x":-5316.34130859375,"y":6620.658203125,"z":-132.1048583984375},"rotation":{"x":0.39871323108673098,"y":0.4667646288871765,"z":-0.2483675330877304,"w":0.7493144273757935},"size":2.9929943084716799,"orthographic":false}