{"cameraMode":{"drawMode":0,"name":"Shaded","section":"Shading Mode"},"sceneLighting":true,"audioPlay":false,"sceneViewState":{"showFog":false,"showMaterialUpdate":false,"showSkybox":false,"showFlares":false,"showImageEffects":false,"showParticleSystems":true},"in2DMode":false,"pivot":{"x":-0.526275634765625,"y":19.79034423828125,"z":-6.420528411865234},"rotation":{"x":0.10439258813858032,"y":-0.7236399054527283,"z":0.11225117743015289,"w":0.6729392409324646},"size":99.4998779296875,"orthographic":true}