{"cameraMode":{"drawMode":0,"name":"Shaded","section":"Shading Mode"},"sceneLighting":true,"audioPlay":false,"sceneViewState":{"showFog":false,"showMaterialUpdate":false,"showSkybox":false,"showFlares":false,"showImageEffects":false,"showParticleSystems":true},"in2DMode":false,"pivot":{"x":-4779.017578125,"y":2586.103271484375,"z":-4009.00244140625},"rotation":{"x":-0.22713105380535127,"y":-0.22264355421066285,"z":0.053423359990119937,"w":-0.9465660452842712},"size":0.396791011095047,"orthographic":false}