{"cameraMode":{"drawMode":0,"name":"Shaded","section":"Shading Mode"},"sceneLighting":true,"audioPlay":false,"sceneViewState":{"showFog":false,"showMaterialUpdate":false,"showSkybox":false,"showFlares":false,"showImageEffects":false,"showParticleSystems":true},"in2DMode":false,"pivot":{"x":0.17268908023834229,"y":-0.28296715021133425,"z":1.121999979019165},"rotation":{"x":0.06743580102920532,"y":0.8106745481491089,"z":0.0952841192483902,"w":-0.5737423300743103},"size":1.8550519943237305,"orthographic":false}