{"cameraMode":{"drawMode":0,"name":"Shaded","section":"Shading Mode"},"sceneLighting":true,"audioPlay":false,"sceneViewState":{"showFog":false,"showMaterialUpdate":false,"showSkybox":false,"showFlares":false,"showImageEffects":false,"showParticleSystems":true},"in2DMode":false,"pivot":{"x":-10.84235668182373,"y":-2.127429485321045,"z":0.821731686592102},"rotation":{"x":-0.2948280870914459,"y":-0.6965514421463013,"z":0.39237040281295779,"w":-0.5233909487724304},"size":1.9233163595199586,"orthographic":false}