{"cameraMode":{"drawMode":0,"name":"Shaded","section":"Shading Mode"},"sceneLighting":true,"audioPlay":false,"sceneViewState":{"showFog":false,"showMaterialUpdate":false,"showSkybox":false,"showFlares":false,"showImageEffects":false,"showParticleSystems":true},"in2DMode":false,"pivot":{"x":-0.050999999046325687,"y":0.0,"z":0.1679999977350235},"rotation":{"x":-0.9032076597213745,"y":-0.03237256407737732,"z":0.06923051178455353,"w":-0.4223448634147644},"size":6.713126182556152,"orthographic":false}